comname,season,n,slope_y,slope_p_y,slope_x,slope_p_x,slope_depth,slope_p_depth
acadian redfish,SPRING,52,-69.0623309465862,0.808826486177203,-1376.65732176819,0.0129401092303312,-0.160898488346213,0.247507251884203
acadian redfish,FALL,53,-615.75952274741,0.00187661881928093,-2200.46712139744,1.62208108191551e-05,0.239521854256884,0.0548180069541349
african pompano,FALL,26,1658.53686666959,0.645099188220053,3752.90302781206,0.0375992747643399,-0.101911460461698,0.916027471103489
alewife,SPRING,52,5407.09861789058,6.04585797579266e-14,3707.51053610792,4.197902916159e-08,0.813539552179854,0.000886282216874964
alewife,FALL,53,473.877353440656,0.398598083267554,-1760.45051543991,0.000610974631890419,0.0238812798381293,0.908772332673538
american lobster,SPRING,52,8013.6596282452,9.83549713294052e-31,3567.5575566176,3.62360496937249e-12,-2.1126893488397,3.50108505446052e-06
american lobster,FALL,53,6545.9128941629,3.6148215246561e-22,2445.87858101196,5.19949999733683e-08,-1.17455316136584,0.000130287448990675
american plaice,SPRING,52,-91.5584899074781,0.515138211896771,-2454.42875238189,1.34726175341349e-10,-0.166479766611152,0.180923407471608
american plaice,FALL,53,25.2140276084188,0.858202458507997,-1684.1431448871,3.3603282672167e-06,0.230160805751827,0.0970020849563561
american shad,SPRING,52,5585.19391456405,1.58641447871112e-07,4514.44802913118,2.33764679313532e-05,0.825232960552377,0.0156958820456062
american shad,FALL,53,2594.99781655526,0.000560176984543371,242.310791263534,0.672850751910118,0.248632939166967,0.20716646563647
armored searobin,SPRING,47,-1397.86668908043,0.29641488499354,-170.354506317224,0.884193337623971,0.654799180944893,0.0599020171450744
armored searobin,FALL,50,1202.29485682948,0.401120044859004,1014.92095494349,0.410976843867476,-0.259399680820886,0.566539812112349
atlantic angel shark,SPRING,50,250.913114209163,0.603994994916879,313.402406150808,0.242598042288044,0.769979562524015,0.0709816700517312
atlantic angel shark,FALL,52,143.657724344244,0.80030689981864,191.132121100949,0.167316534141799,0.291949602207231,0.00339171614870353
atlantic argentine,SPRING,50,-1638.23258231612,0.247571344466591,-2303.86193230408,0.0773479286337008,-1.14584214118804,0.0651886167606259
atlantic argentine,FALL,49,-1492.30362361099,0.430223492868447,-2682.44749163682,0.126405232049478,-0.159403428828943,0.605475941057835
atlantic batfish,SPRING,11,5133.76841849884,0.243656908208993,4764.24337765198,0.149841511899279,-0.927478947064189,0.64545672663701
atlantic batfish,FALL,15,103.861521976934,0.979736887302128,-207.306193983134,0.962873791254969,1.63381709574291,0.31710145098827
atlantic bonito,FALL,20,2793.52658295119,0.454137815259388,1871.33222239992,0.538502128318099,0.161471167127944,0.469618666630107
atlantic brief squid,SPRING,18,-2469.05870803489,0.696907739416462,-2851.69958407104,0.55851568144338,0.0161647923792608,0.98618812793693
atlantic brief squid,FALL,28,3789.36892213594,0.351500807908346,3940.71025656395,0.211494369759449,0.0981645623713125,0.895301507557879
atlantic bumper,FALL,22,5517.56803614427,0.00628790937555013,7308.86694307608,0.000855235506607719,0.211086820809137,0.0780761748745773
atlantic calico scallop,FALL,11,2507.12401693276,0.0814558593434403,1185.66415352703,0.155628555426774,0.198069419324814,0.718711694733836
atlantic cod,SPRING,52,268.057502134189,0.0971693050842972,-1812.46369871433,0.000322033087602527,-0.28913943856543,0.0553963139320767
atlantic cod,FALL,53,-165.222606987588,0.357122158321755,-1577.24058265252,0.000260675776277753,-0.325303836891649,0.00855199381868046
atlantic croaker,SPRING,42,2072.05379987558,0.0212883174326072,2372.89457857776,0.000414231075807878,0.491946718238537,5.01338327072589e-06
atlantic croaker,FALL,51,3813.33787647857,4.26268313368775e-06,1330.4627233636,0.000140746694159135,0.0551316336619472,0.339060571768034
atlantic cutlassfish,SPRING,33,1450.76357081145,0.229249631233706,2086.07614393301,0.0161436966177987,1.65044446273918,0.075138520264755
atlantic cutlassfish,FALL,44,2552.60513003652,0.0448994225003959,2705.7186061734,0.00377492449963018,0.143138296473689,0.614805423936529
atlantic hagfish,SPRING,51,5276.35223242618,2.94692695744258e-05,3330.89784022538,0.000425581856296776,-1.27422785490817,0.00569868313254098
atlantic hagfish,FALL,53,-664.193146818752,0.562468412792414,-631.287677752621,0.461510767510247,0.212287413099055,0.494897924591721
atlantic herring,SPRING,52,475.466428748184,0.480369415056368,268.745815178809,0.740959406514712,0.25093671119493,0.0346588217763183
atlantic herring,FALL,53,373.419100401604,0.361876289183173,-396.83152811148,0.448666917841067,0.275947069959336,0.286528832548882
atlantic mackerel,SPRING,52,5016.56189544829,3.21075408518121e-06,3767.75219794561,0.00151868671691172,-0.567524115501384,0.0209173344026009
atlantic mackerel,FALL,53,2252.20407291635,0.00582447273774188,184.576753088662,0.857796534933457,-0.396987846425996,0.0712896818820489
atlantic menhaden,SPRING,46,1760.52073984579,0.413863757183051,768.504462600405,0.564256259577911,-0.478298561551818,0.129314940832561
atlantic menhaden,FALL,47,7598.38637352969,4.09882369109233e-07,4237.43265522081,9.84216690811011e-05,0.202109311057155,0.0248448863979939
atlantic moonfish,FALL,47,6879.34343089808,0.000617697907159776,5025.39205605572,0.00184293513908659,0.00583149141036021,0.989494842857285
atlantic rock crab,SPRING,50,4545.89290188934,3.66371350636285e-06,5850.4595777941,5.56149468895366e-09,-0.292030582699568,0.269997491400362
atlantic rock crab,FALL,50,1682.62095967534,0.0939401213602031,3361.71872410726,0.00291587415938444,-0.132704404506581,0.774673728139842
atlantic seasnail,SPRING,38,-4075.36212293539,0.0185006561081497,-6836.29298053705,0.0108082086552765,-1.98000380290729,0.000252162175320122
atlantic seasnail,FALL,31,-5185.21938545665,0.0574236334665139,-6336.55716232452,0.0215057803796566,-1.58566454308044,0.000435766699803442
atlantic sharpnose shark,SPRING,21,3075.99752230668,4.38692152487431e-05,3343.85448511755,2.46402671063235e-05,0.0601608689530099,0.869489109197268
atlantic sharpnose shark,FALL,40,-290.28288808996,0.754042882610859,1351.07944359198,0.00603923048448872,0.335385412782262,0.0040437317038714
atlantic silverside,SPRING,49,3526.60882198688,0.00810571600878645,2446.03342445085,0.0282371555860237,-0.0504824328350079,0.60454061182616
atlantic silverside,FALL,17,-490.86075366914,0.92773001227963,-1563.38363011193,0.780144546382041,-0.688982213438786,0.526791900996238
atlantic soft pout,SPRING,48,106.905321102009,0.875934296237427,487.688400032764,0.598930060472241,0.422874902629928,0.19519120351569
atlantic soft pout,FALL,43,-462.606603931881,0.598860939501597,410.111443321628,0.604845329387519,0.498189749869055,0.226896844810579
atlantic spadefish,SPRING,19,1938.28653202246,0.0121452555800714,3202.35601527079,0.00454239220124011,0.637557358947614,0.00886618947121712
atlantic spadefish,FALL,37,3177.35764046013,0.0426597206613485,3464.26346263426,0.00202218493988648,0.237338362193519,0.000338217232473484
atlantic sturgeon,SPRING,36,720.251107266956,0.694354693165618,39.0851242946937,0.951880706939309,0.164707802413259,0.00882376710155951
atlantic sturgeon,FALL,16,6787.67801335554,0.00196827040963381,3641.64120722891,0.0766635780579424,0.170223833543506,0.114267092294744
atlantic surfclam,SPRING,14,-437.465137254904,0.858962534130119,-2461.88164204864,0.553724198567422,-0.19111135940584,0.488935340378669
atlantic surfclam,FALL,11,3455.39076768825,0.578046352788282,5381.44075041329,0.478275832842856,0.331998432138215,0.416101676064458
atlantic thread herring,FALL,45,6463.83948917505,1.26782517077405e-05,4337.62114268025,4.21906120180121e-05,0.287483815931975,1.67158978382704e-11
atlantic torpedo,SPRING,35,-2589.44340631029,0.152292313508633,-4022.50660900767,0.0347314970802029,-1.39846637484966,0.0330947368896306
atlantic torpedo,FALL,40,-818.934472019285,0.775128075433136,-849.523712956813,0.717758421639471,1.16183589743589,0.087463003843009
banded drum,SPRING,26,1508.51523510081,0.0082250871497831,2492.23535921156,0.0026383095444604,0.434887480835212,0.0141085821725338
banded drum,FALL,45,3652.55250129882,5.47003965080646e-05,2683.34120983895,0.00174110168302254,0.26013578347019,6.94547374157172e-05
banded rudderfish,FALL,42,7359.98918868368,0.00108351313978989,4330.6544108228,0.0140838009181337,0.218104718968287,0.46301146595421
bank cusk-eel,SPRING,21,862.552373943823,0.764712568078294,2615.10574830017,0.0206648973040824,0.899662233113441,0.00764939963923787
bank cusk-eel,FALL,24,1347.06386798548,0.225054444328686,2799.06860695101,0.000536543559907276,1.65075230368123,9.04762123615106e-06
bank sea bass,SPRING,14,2899.57143078529,0.0014956590937392,4295.628986539,0.00062602282656621,0.933458715137051,0.0313714115281475
bank sea bass,FALL,27,8679.83308784456,0.0144557801728975,8044.67976316433,0.00384734602232803,0.973726971030593,0.037121452036799
barndoor skate,SPRING,46,-1970.04485323292,0.00132417698674807,-2268.34074194274,0.0200935327488528,1.4674158644948,0.00279166323091019
barndoor skate,FALL,46,-1530.16264201541,0.000818144298045482,-1856.988246291,0.00279828625906412,-0.361373240406096,0.105741899175359
bathyal swimming crab,SPRING,22,2588.75871320229,0.34227250746264,2018.76006745267,0.373274020361219,1.00860697569924,0.419202095783262
bathyal swimming crab,FALL,28,373.547006237393,0.899145782662621,411.468485786666,0.884296689368591,0.0551259045964967,0.948253081993285
bay anchovy,SPRING,45,329.723042374691,0.771400864379371,425.792917257248,0.408775387329709,0.164260515387096,0.00494517707499209
bay anchovy,FALL,48,2107.87425930089,0.186215332086846,1569.69251539149,0.226516570978739,0.155299424118022,0.026247662322558
beardfish,SPRING,43,-91.8708137077755,0.95668400336469,868.62954687529,0.582184923370632,-0.0432413588242086,0.93123237900861
beardfish,FALL,40,2053.22122680348,0.342434160964365,3126.76349985647,0.108152722212748,0.346830599578533,0.580706041610791
beardless codling,SPRING,14,-4452.74272343864,0.224943879340446,-2881.11540062434,0.277293654748081,-0.578768854997666,0.681520741099649
beardless codling,FALL,15,-552.21620145579,0.824412424702117,1495.24457725519,0.444550274948821,-1.27787313432834,0.385703370073806
bigeye,SPRING,16,4907.09313124359,0.232495764336321,3331.86605816156,0.220175395941243,0.853021823402231,0.481491106558842
bigeye,FALL,39,5450.94383031108,0.131181387843365,4766.09697217892,0.0830553105228537,0.667739538868101,0.0898454151740812
bigeye scad,FALL,48,-544.444158968953,0.74514264336262,473.640806074712,0.673015083956425,0.125657099474083,0.231984377097551
bighead searobin,SPRING,12,4865.45393039085,0.0198149735031225,5342.81457778058,0.00137273620538159,0.349825442063157,0.0472071343405129
bighead searobin,FALL,19,4155.66780719409,0.17093260195534,4122.74405077472,0.0295277730016132,0.473614868357922,0.0201124210225677
black dogfish,SPRING,15,2625.46010236898,0.297956845972816,1400.90874638469,0.220655620130159,2.06652461810792,0.241874662378261
black dogfish,FALL,13,-2410.78516695675,0.383334917485588,-2389.78093677572,0.302463652234094,1.86892543464778,0.331595652175929
black drum,FALL,16,3931.35701763574,0.0945731217425826,928.230744694564,0.0659578513095742,0.452291500168792,0.364926006725609
black sea bass,SPRING,52,6519.26050313905,8.67723648314222e-15,3852.94065435047,1.33760126607715e-12,-0.134868913517808,0.558333055430377
black sea bass,FALL,53,6668.04664767626,3.19795283243488e-07,3689.80867917878,8.65490163840331e-05,-0.0512334866754109,0.43506832464038
blackbelly rosefish,SPRING,52,4364.58028677586,4.20340834063747e-05,4941.31095230604,1.76769470160515e-05,-0.332251941845616,0.108443672279612
blackbelly rosefish,FALL,53,4311.0515753703,1.03836868116745e-05,5371.77951277528,2.98916764190337e-06,0.328094263169325,0.19249202729361
blackcheek tonguefish,SPRING,25,4256.18351866912,0.0435670955867488,2165.24870070597,0.123776301238727,0.196918192674595,0.450504729847985
blackcheek tonguefish,FALL,29,6660.78223473466,0.0259676058889684,4868.99818861973,0.0700962074443445,0.384521876346754,0.770140778574242
blackfin goosefish,SPRING,13,14554.8693562176,0.0139110828994078,8381.9138950232,0.0780664062868721,0.327005665857251,0.853263408054447
blackfin goosefish,FALL,12,8304.45081859829,0.0841765313587765,6035.51185196597,0.0132782461416479,2.84256057047837,0.281248562793697
blackmouth bass,SPRING,21,8341.41414356699,0.0858806377061944,4775.68768927429,0.184229898013968,-2.57242205256934,0.104434643815345
blackmouth bass,FALL,32,6236.77652015573,0.031667029683762,6304.56201961412,0.00467413568781675,-1.10601107398878,0.222160308831511
blackmouthed alfonsin,FALL,14,4936.37572418657,0.250015123980588,1456.94751130666,0.529960365507482,-2.44068141762741,0.0998591522360485
blotched cusk-eel,SPRING,16,6433.58244911499,0.0063170031116456,3541.6588763313,0.0131668338770599,0.476656630259765,0.0307158529988005
blotched cusk-eel,FALL,25,5293.70788512159,0.0321086875922346,3770.83184200226,0.00485178706735226,0.430554826143734,0.00959378543019108
blotched swimming crab,FALL,21,3591.07357596291,0.0553702929420652,1699.97687418085,0.00764112181021121,-0.339231533010144,0.33850715026666
blue crab,SPRING,24,3769.71002570222,0.211031250775149,2138.32139973371,0.070070256759396,0.354026019690577,0.000630572975652717
blue crab,FALL,44,109.867145685966,0.920845138322783,-418.425693551551,0.337220971720959,0.175009889016726,3.90264429499825e-05
blue runner,FALL,48,896.968755221161,0.526107188721364,1163.5853944478,0.249383876535861,-0.497550303755028,0.392385975555823
blueback herring,SPRING,52,4528.20875872371,0.000865618479145739,3865.0550872145,0.000178135186358473,0.567852235527394,0.00297373993005202
blueback herring,FALL,52,6468.09618201299,0.00251872561709697,2488.11502943272,0.100085285279844,-0.217919262038122,0.388076993813128
bluefish,SPRING,45,2630.46425408476,0.00418173217280953,2647.88738519424,0.000111185578462417,1.53418981104362,0.00563063894743067
bluefish,FALL,52,4015.02584045676,0.00180924548752923,1757.42372827898,0.0805504845188071,0.0183545612635717,0.810494994756146
blueline tilefish,FALL,11,7226.48381576232,0.120524565145819,4498.59722228157,0.186858310814533,-1.03632653061223,0.352894793123407
bluespotted cornetfish,FALL,20,-1452.11207009882,0.703910561651408,-1612.99395993838,0.436872605588787,-0.267298145032294,0.194904836941428
bluntnose stingray,SPRING,29,1453.78606686912,0.0193696894124454,2002.87607983366,0.00201974711156554,-0.0585192829911782,0.838710689007318
bluntnose stingray,FALL,49,3140.87544699561,0.000321437263394393,1688.71708620392,0.00264634811580032,0.141613373755899,0.00183394612229912
boa dragonfish,SPRING,12,14265.945786855,0.0783651701260435,13230.0851479769,0.108573004139274,3.61369112814904,0.0887845003945576
boa dragonfish,FALL,24,1435.5374321656,0.578710677334901,3013.87751510106,0.324414563158561,1.06815399545181,0.410982305832648
brown rock shrimp,SPRING,22,4929.26558639748,0.151847841879421,3610.62570076289,0.0668847612612137,0.218117741994376,0.747664385722362
brown rock shrimp,FALL,33,4348.98751959176,0.000988094771039415,3437.90105542997,0.000122809853255925,0.00640184600650862,0.989747350727827
buckler dory,SPRING,46,4389.51691746077,0.00429708864553113,4033.53982575968,0.00821356117876435,0.399382657142134,0.235893019031366
buckler dory,FALL,51,2928.5950966884,0.00285181212989816,3048.45960976094,0.00172204263756003,0.404331638837049,0.158802479855977
bulleye,FALL,16,-8672.7511654099,0.233459975096823,189.997459578682,0.976817181675729,1.48782746160795,0.280880546441894
bullnose ray,SPRING,31,2319.94773645748,0.0117188441163019,2805.2521693395,0.0154851462694446,0.469060916468105,0.0104829941149293
bullnose ray,FALL,48,4105.18665173103,2.45018063635132e-05,2096.86218622865,0.00380520311827861,0.12089651772581,0.00474522999723018
butterfish,SPRING,52,2450.19530248574,0.0376059512687994,2291.54575205082,0.0250268724238508,0.211575768423529,0.502576778631048
butterfish,FALL,53,2906.97822326474,0.00391057279276181,2501.64100092502,0.000740451182619778,0.0513712269084579,0.820252351157586
carolina hake,SPRING,11,3634.99540810667,0.0154451410974342,6966.67509658317,0.00496883177767458,2.84701181954378,0.0119696247548675
carolina hake,FALL,11,5765.40880942253,0.35598796712603,5723.3885869499,0.250403988572821,3.16762915373326,0.093116972720873
chain dogfish,SPRING,52,1305.94957785336,0.122913719743698,1120.74009157986,0.0620846415006355,0.355681697486056,0.400547132748967
chain dogfish,FALL,50,1418.18445310319,0.179187084772644,1485.99114349978,0.12899672298077,-0.079998515534582,0.807121068542847
chub mackerel,SPRING,15,3296.26000332354,0.0923606708079517,3296.53583198614,0.0172376649779214,2.19103528801245,0.0953948913500547
chub mackerel,FALL,41,3592.69939367308,0.0668377927069972,2370.57590459444,0.0673035686359055,0.162242094435008,0.736536783758563
clearnose skate,SPRING,48,-255.85289622042,0.780846690200232,-511.160234294487,0.412908915428837,-0.140730104106953,0.589003027214848
clearnose skate,FALL,52,3031.11790919214,3.86773582059597e-07,1209.44446450344,0.000268831392406524,-0.131922210591618,0.322786018838144
coarsehand lady crab,SPRING,34,3534.16277264148,0.00689766407477065,814.202851023599,0.129814445287423,-0.481007872137881,0.0753850248270874
coarsehand lady crab,FALL,44,-959.64635264536,0.203689443731318,67.9112968802356,0.856563388862834,-0.103666598043781,0.600739971224709
cobia,SPRING,19,3704.25151429881,0.000853529479262989,3023.54124513968,0.00191629044757456,-0.532180092369147,0.032554814471082
cobia,FALL,38,5182.813821188,0.00116679261626016,2946.63241437413,0.000737768723117128,0.191934391380352,0.0578261282975141
common octopus,FALL,13,-22464.8216242634,0.106724732234347,-12517.7907627737,0.270878574806999,-2.77383227771828,0.228540248554419
conejo,FALL,19,1475.88756528558,0.53281518206574,2836.86246403116,0.181200049243822,0.794838551264737,0.531595305093116
conger eel,SPRING,41,-1535.84373162159,0.305455942502943,-828.94853086372,0.545382865808238,1.4336189002548,0.00365491440130918
conger eel,FALL,47,2563.47855919757,0.0507894039250254,1710.60825969442,0.156579670399185,0.379772088284787,0.388687855866447
cownose ray,FALL,40,2999.88075662015,0.00329376119039061,1091.25267243221,0.0103529205850282,0.150146809158116,0.0318698976195959
crevalle jack,FALL,30,12734.9772737346,0.000144561187602358,5830.1546954268,0.000211394163343289,0.05893175145583,0.132105471338404
cubbyu,SPRING,12,2741.42423624511,0.495769462253863,4428.33949008055,0.106203298513353,0.827223738507874,0.503203203059014
cubbyu,FALL,16,2244.85729240621,0.123119666763686,4397.66110107191,0.00519763958653946,1.14977877008038,0.00128491881902669
cunner,SPRING,52,3796.88283799553,3.08722436018292e-09,83.9504897461383,0.941615752786424,0.00935548443971643,0.934441288657738
cunner,FALL,53,2329.07438864281,1.48658010030199e-08,-635.416844280354,0.336240684068719,-0.1492346236757,0.198330603891917
cusk,SPRING,52,-1042.95370571318,6.0391532210547e-06,474.429994314251,0.181439628020038,0.301682125349243,0.0200680997749799
cusk,FALL,53,-392.907947794413,0.0573374648720417,267.296314369061,0.416401231613414,0.382257674607515,0.0486953564904318
deepbody boarfish,SPRING,39,9682.35686178038,3.15630953089313e-05,6749.43871437827,0.000257574259868053,-0.317067053140498,0.339425804558815
deepbody boarfish,FALL,39,1918.39269918477,0.393150573954586,1503.79742715522,0.426344960223296,-0.478387898740069,0.0740702226490274
deepwater flounder,SPRING,28,874.080080313675,0.676376514303617,294.745635846379,0.895817748357987,-0.408012651039254,0.536506955884931
deepwater flounder,FALL,26,5484.63409184291,0.0773883010073213,3566.43513425873,0.142276958515598,0.399004863174355,0.730708231989986
dotterel filefish,FALL,19,-2366.28036676955,0.43617089243012,540.780657058459,0.67392258643223,0.501855478905953,0.0527419579059259
dusky shark,SPRING,18,-1262.51022702411,0.197714772982826,258.744366604538,0.769132504853065,0.359837709357423,0.766456631880906
dusky shark,FALL,22,3833.53770333132,0.119391419215609,954.235215776123,0.193530330823145,0.118752256464065,0.748498344563788
dwarf goatfish,FALL,27,5559.41447918925,0.0891009742492996,1635.83194453306,0.151514975941996,-0.0702452921182755,0.777888296477862
fawn cusk-eel,SPRING,52,796.883673840304,0.190944811775169,1215.84550389529,0.112954403690537,0.00476388299163084,0.986253440326017
fawn cusk-eel,FALL,53,615.372483487888,0.241385122803234,1360.48124449483,0.0774185175912003,0.342344531765258,0.0762839673534695
florida pompano,FALL,20,5158.88097813758,0.00711896301141815,3613.14999286584,0.000762374865598838,0.154858628027282,0.0154870534477666
flying gurnard,FALL,20,5273.65705216374,0.284448157130227,4833.2897729082,0.258753250922314,0.420883522833868,0.263505733259181
fourbeard rockling,SPRING,52,2905.80877603686,0.000677958551978158,2445.95060408708,0.000141628535266192,0.353694418191939,0.28802410701298
fourbeard rockling,FALL,53,1423.60372253737,6.24916095209224e-05,1382.25260651524,1.76048405098084e-05,1.00131083188099,5.18583824716051e-06
fourspot flounder,SPRING,52,177.110738087067,0.513141595228142,1420.65784265011,0.00133622317371893,0.647011491356017,2.38808988256044e-05
fourspot flounder,FALL,53,1112.16512114574,0.0044161488216033,2481.24685081386,8.63577901654203e-07,0.582506255351864,3.75571565080974e-08
gag,FALL,12,9436.97787192275,0.0348308306677284,5428.64092543282,0.00617609644980676,0.0399836550087316,0.812903215399639
gladiator box crab,SPRING,16,-3678.53692466959,0.00219998202267507,-3386.96424320811,0.0862602271648364,1.16642156862745,0.322598106749643
gladiator box crab,FALL,19,524.695554768923,0.927557389324701,872.810933598786,0.822066367582997,2.6223957528236,0.0302546246945324
goosefish,SPRING,52,2902.3333163928,0.000145248498316052,1864.03883654413,0.00233798383242648,0.740992258915561,0.00398466283376159
goosefish,FALL,53,2727.69998304087,2.73691584206056e-05,1501.98137174152,0.00490155921171887,0.487679482951893,0.00380426190270379
gray triggerfish,SPRING,20,2536.13449057149,0.0021253140186274,1874.87899589052,0.0127798494148194,-0.420486330422719,0.140125022579288
gray triggerfish,FALL,47,3503.55015017904,0.12361941867889,2964.67164263799,0.0566863664306948,0.254875065050299,0.546637404141548
greater amberjack,FALL,27,2599.39761047431,0.409435378940352,2793.93513284523,0.088279088942678,0.331950341782092,0.366706020555953
grubby,SPRING,38,81.2177719193459,0.918223853873875,-973.538721846573,0.492547372190551,-0.1393294785222,0.529547546930894
grubby,FALL,38,1663.99571563217,0.102080698752919,2418.22161779217,0.189237799801122,0.279835150278903,0.405932786771384
guaguanche,FALL,11,5336.56703183207,0.265059777613888,7770.86166082324,0.0600485130813057,0.317395128539881,0.00130272523920004
gulf stream flounder,SPRING,52,357.131484224577,0.561410539453488,-341.176407999653,0.65319944758741,-0.0599716395564115,0.759469224629848
gulf stream flounder,FALL,53,1032.49462873375,0.0750439390438278,343.305393618646,0.646519332893596,-0.244048508360287,0.274264391994043
haddock,SPRING,52,-1948.49719134004,2.67965461186187e-06,-2293.7201174841,4.64149899540415e-07,-0.353819402480657,0.00252125388550656
haddock,FALL,53,-2302.34352534563,8.39626206832359e-05,-2155.80740592212,0.00349656034869619,0.254532603081978,0.110578430111802
harvestfish,SPRING,13,399.033688728153,0.800810995621507,2459.61817249541,0.191022808333904,0.285814734495394,0.000127155591447716
harvestfish,FALL,44,1767.52536061309,0.0794240187910001,2535.90450412902,0.00127104141046968,0.306834871722922,1.55809348095818e-07
hickory shad,SPRING,11,-3516.66694163891,0.602788690649374,-5271.8083218879,0.258725255068341,-1.35257150486178,0.0660293790830646
hickory shad,FALL,12,7404.28834554757,0.445531046067531,1616.32718718604,0.807445078220907,-2.4058210576549,0.0758799173642517
hogchoker,SPRING,25,2372.8612096536,0.21884733897737,383.17233685719,0.549174848035237,0.0756061993010667,0.112053781410671
hogchoker,FALL,37,1418.89169055296,0.0488042726162803,670.399550340035,0.0640930205430915,0.151372708412566,0.00513963087967987
horseshoe crab,SPRING,44,-1039.37789256876,0.241246051493104,103.0316974956,0.627278597659479,0.600413507371232,0.0100585466452696
horseshoe crab,FALL,45,870.229167189701,0.210378392339541,343.198267038521,0.0459986856704923,0.299545022310264,0.0210113871330554
inshore lizardfish,SPRING,35,4589.73324375818,0.00746723288514631,3493.01641821421,0.00104743986165476,0.422688386943405,0.0371503196848092
inshore lizardfish,FALL,47,2198.21378890332,0.0967619307258372,2496.43926509072,0.00113887120369476,0.0459107904057462,0.658568900165115
jonah crab,SPRING,49,6094.29840402832,7.16760562111402e-09,2708.10615209912,0.00526182265734803,-0.751938386929862,0.158502813162337
jonah crab,FALL,49,3983.21541663649,8.20528460627069e-05,2902.72039165501,0.00234013876773625,0.0789838164423716,0.85409161306812
king mackerel,FALL,31,5311.22559080602,0.0056753375927565,4517.81283480915,0.00159092091261376,0.15730182486386,0.0122798499248954
lady crab,SPRING,37,507.206271170904,0.770772980657144,762.018850871464,0.53166103750999,0.0644564533772716,0.635643415209213
lady crab,FALL,47,5110.22319058948,1.98439865462279e-05,9758.70036166289,1.77991274044326e-10,0.488721861605467,9.54782886547619e-07
lancer stargazer,SPRING,13,2630.90278952459,0.0970250163850501,3287.16485381057,0.00905307768146805,1.93944445446319,0.0470798704686607
lancer stargazer,FALL,23,4105.21299848297,0.0194475157546066,4767.56747061492,0.00121379744687738,0.536421602225218,0.426390301118769
leopard searobin,SPRING,15,2071.73127958087,0.0904165360232765,2716.01771719651,0.039461202655803,0.394646590206842,0.00135686240044581
leopard searobin,FALL,20,3008.79742083612,0.228587669424469,3522.39445318609,0.0282282841394107,0.312698549719683,0.000603609964036068
lined seahorse,SPRING,23,-4585.00232506797,0.3079202476752,-3823.7554497963,0.163613618898807,-2.33485017444447,0.126321421290784
lined seahorse,FALL,13,-1795.61527856927,0.761817952064356,-453.770773776509,0.870047552939064,-1.48527520161292,0.38693743784746
little skate,SPRING,52,-745.017858734431,0.0034936984949493,-1980.44087834804,0.00837541763183422,-0.189776874568164,0.119746393851745
little skate,FALL,53,-510.039434671302,0.0162098396409957,-1469.18570284501,0.0227961013480778,-0.0627082107409115,0.411089603071027
loggerhead seaturtle,SPRING,12,2476.11679624763,0.0148105949708694,2294.8081348206,0.00285598024952686,0.0668988436674958,0.743164014884667
loggerhead seaturtle,FALL,30,3743.0104112251,0.0495982090682689,2024.12577463757,0.0157290459348793,0.625873579357294,0.000484868337318988
longfin hake,SPRING,52,3515.68853079921,0.0027447376610267,2211.78508859697,0.134080023312861,0.337794848588797,0.415556924477296
longfin hake,FALL,52,-598.861022460741,0.503616316329354,-1372.44188145283,0.265578525522322,0.552588918885752,0.103339933860062
longfin squid,SPRING,52,215.901684980133,0.808695463596416,299.930452307792,0.678362267434696,-0.157387673677379,0.408735562991876
longfin squid,FALL,53,3055.23752677779,3.12459234213612e-05,3362.80902008201,4.07908036137618e-06,0.0939890596920372,0.476719686358153
longhorn sculpin,SPRING,52,1681.91830597941,1.62431974752131e-11,-2013.49695001409,0.000250534231821703,-0.34684808829277,0.000547544604364339
longhorn sculpin,FALL,53,1710.82650609559,1.87335402700734e-10,-1850.0951846115,9.54730931619516e-05,-0.164250103519611,0.0260143872335662
longnose batfish,SPRING,19,-13040.1875387163,0.00287471602401734,-10600.5539807155,0.00849113096850446,-3.01869565163913,0.0313686646078323
longnose batfish,FALL,20,-2144.27550513321,0.354280175157832,412.062857570772,0.794223300944527,-1.21077383939208,0.120019061449867
longnose greeneye,SPRING,31,-135.388587922621,0.961459825048445,251.620910577074,0.930924348786071,0.935597767557088,0.274116807459619
longnose greeneye,FALL,32,1061.45140680247,0.656764293211099,2596.8200047154,0.28288451244392,0.000585317192777318,0.999459307085386
longspine scorpionfish,SPRING,14,-3993.85296012244,0.308976463620415,-3205.44376111235,0.216230914225308,0.339336991606629,0.808823466148591
longspine scorpionfish,FALL,16,-52.1708784556672,0.991701984495377,-289.393382209399,0.917713112384861,0.297363810299543,0.752632834999711
longspine snipefish,SPRING,36,1873.89358718079,0.269958064987249,1418.86265524197,0.251054458678255,0.0264972399838388,0.954430607449067
longspine snipefish,FALL,37,-2634.87656687681,0.110443493239735,-2492.0593780679,0.0629608549977338,-0.366588460549441,0.430987194033913
lookdown,FALL,39,1433.5202201093,0.584169754763761,1769.55437118594,0.332366576555444,-0.0964149496172347,0.818933100337779
lumpfish,SPRING,50,1319.04034393065,0.050261336530753,-2378.64946477864,0.00123159657982273,0.456263164048046,0.0943457471203558
lumpfish,FALL,49,-19.9157616059533,0.968256153094137,-2562.10079422108,0.000319213098412305,0.391766054425014,0.154926204164755
mackerel scad,SPRING,12,15357.3631015347,3.78203795115294e-05,13938.5553190822,2.16889392235853e-05,1.04209227633281,0.500181216666853
mackerel scad,FALL,39,1452.882271477,0.654267666257201,2017.0614564136,0.410807801169127,-0.125703536430405,0.588531702907234
marbled puffer,SPRING,13,-1598.18091447262,0.424168776453904,1163.64690007662,0.103334073469537,1.18775591560694,0.000550343551136519
marbled puffer,FALL,23,4413.5085673243,0.0086353497986193,3399.7079115567,0.00215021881041527,0.242742911287149,0.157989359984671
margined snake eel,SPRING,15,-191.287275015788,0.959740856844526,-1937.11447982613,0.493543891840455,0.727888115239432,0.747053101967506
margined snake eel,FALL,30,1353.74535250668,0.640112693374749,-720.351767185289,0.807309864181361,0.575164484235167,0.595386998483824
marlin-spike,SPRING,21,133.98067018563,0.966014846680688,-1206.21020352956,0.726757700842246,-0.968567722182446,0.0951579097979092
marlin-spike,FALL,24,-699.359070849752,0.831356691197518,-2654.15392452326,0.449311840948301,-0.999025201589888,0.0874927246315625
moustache sculpin,SPRING,48,-637.859332728921,0.228164403716109,27.6272182788568,0.967154098956462,0.120075843412377,0.428671186188568
moustache sculpin,FALL,51,-541.749031483884,0.213520973705884,-1212.01024689142,0.0160220259921227,0.478580514444385,0.122650963459656
northern kingfish,SPRING,42,2750.93449690718,0.0280609503523262,2577.76193968723,0.00216116879946619,0.909492291275828,0.000904343928568342
northern kingfish,FALL,47,3077.93162823019,0.000457120108062312,1381.28318983944,0.000388200898124488,0.199702263431575,8.18449057703243e-07
northern pipefish,SPRING,41,1427.39255594131,0.156944416538031,3497.44901890643,0.0116653191470461,0.281009178995478,0.112484553927445
northern pipefish,FALL,36,4668.69279669626,0.008816242965104,4963.43904688008,0.0370671956323825,0.504396422427071,0.0283173729811209
northern puffer,SPRING,30,-788.448813151442,0.49189851376334,1075.34065300167,0.0817028936611646,0.260827636398718,0.66869091935776
northern puffer,FALL,50,2896.73798919602,0.0035505535484647,1270.94356833048,0.00805732924677296,0.0787673368763822,0.121222770590886
northern sand lance,SPRING,52,4484.85503774675,1.36328509989686e-05,3507.04213427595,0.00163550383577136,-0.11107619359803,0.290324424767304
northern sand lance,FALL,53,-284.877026966462,0.836093058415621,-929.718105798137,0.568331482582575,0.0512629630972238,0.652843341588359
northern searobin,SPRING,52,2430.74059341051,0.0011125088979494,1254.86561980641,0.0295239890950847,-0.0690244952267036,0.756124721523435
northern searobin,FALL,53,4054.36051847505,2.31021840560805e-07,2260.91796381367,0.00389234758150047,-0.0330156834253453,0.601075509879851
northern sennet,FALL,46,8980.53342459592,4.00010654742866e-06,4045.95250829325,1.53754265591298e-05,0.144134859710737,0.0433668911542816
northern shortfin squid,SPRING,52,1117.71714758443,0.422081047088744,1092.24511201267,0.463419355941029,-0.319743313896881,0.329164210219882
northern shortfin squid,FALL,53,-3220.11079107358,0.0038680042230302,-2350.60446908131,0.0147216979421579,0.291891455450941,0.253086869910167
northern stargazer,FALL,35,4925.67650966656,0.00752996422307639,2292.94995299052,0.0015877916376092,0.566536104491549,0.0591328443186627
northern stone crab,SPRING,35,-2219.27398002087,0.00207534656889347,-2090.87128466621,0.00528876764215019,-0.955377780356035,0.13310438155165
northern stone crab,FALL,38,482.650930112786,0.697877236382517,1577.33300582772,0.178365530754066,0.868644962045203,0.0551811041079478
ocean pout,SPRING,52,2810.17401101055,3.99707692568255e-13,2676.04504076502,8.96374339792224e-11,0.861339045194774,5.16782190660371e-12
ocean pout,FALL,53,1137.54385517806,0.0266130357013016,2287.95122859761,0.00107421256291013,0.761075742195414,0.000358662809251496
offshore hake,SPRING,52,-3120.64951874583,0.00235032938777292,-3179.35370775271,0.00186494355255244,-0.225015318867988,0.463214182386062
offshore hake,FALL,53,-1812.10427898007,0.0624022549628149,-1661.01083684776,0.116475903101733,-0.202030484661725,0.449529205067681
offshore lizardfish,SPRING,19,6421.06904096343,0.0550632045185593,4707.2394465505,0.0421476042850065,-0.992434643639116,0.428158152865433
offshore lizardfish,FALL,25,3638.13193321572,0.205790879687813,4702.23832573091,0.0388164461599556,0.331026549739576,0.692095270353924
orange filefish,FALL,24,-43.3020533805677,0.99239878095972,3109.87499535524,0.213563349715606,0.80897845149674,0.0314138789882388
pancake batfish,SPRING,15,2637.6612691456,0.0060145898214613,3034.28571361216,0.00428983085391698,0.936851243269674,0.139647330601336
pancake batfish,FALL,27,5074.45386731299,0.00123861418064954,5040.34210960806,0.000127743697462964,0.45624916311809,0.39858548338602
pigfish,SPRING,24,920.341185230651,0.492023283153329,1763.47817609371,0.101694072219685,-0.166742106688419,0.524388621678255
pigfish,FALL,47,3303.06199352505,0.000108201417240425,1713.79360184021,0.000147364931533161,0.212060454885379,1.88427835262025e-06
pinfish,SPRING,31,5158.65415161301,0.00747241422976043,5462.12145914463,2.44589930866901e-05,0.745640290094137,0.000717919545422692
pinfish,FALL,36,3163.5803805068,0.011953497394738,2891.12204669074,0.000185939287422665,0.275086790898323,0.00152178401551038
planehead filefish,SPRING,16,1690.48112828441,0.119903521699599,3410.31568754017,0.00471138561296,1.19845667025537,0.000314377881862709
planehead filefish,FALL,52,998.666753490235,0.6145685689015,2797.11195066937,0.0786571783136081,0.254147448132694,0.155636708911374
polka-dot cusk-eel,FALL,12,-5005.15519204391,0.393611728329204,-5863.38925915467,0.216156209815293,-3.36606193226325,0.0171970070238945
pollock,SPRING,52,714.3545974153,0.0283317645579501,-2193.88809100091,0.00158098860380133,0.607771519339778,0.0373311918270865
pollock,FALL,53,533.947719695493,0.089572773524177,-936.151727485355,0.158890617859375,0.0151622900602233,0.955002049387371
radiated shanny,SPRING,45,2834.74784479208,0.00261488301245837,698.31330422206,0.612076529358014,0.355697943166888,0.190733754729602
radiated shanny,FALL,31,696.201912765143,0.494308097224312,-899.251209629371,0.592512153135908,-0.574739130594255,0.439663394240565
red cornetfish,SPRING,24,2278.69318510946,0.00202924004851062,2182.89012019896,0.0049649154479147,-0.28065029985008,0.501565080981253
red cornetfish,FALL,38,4653.24040060549,0.0514599152702099,2977.65292158908,0.0381918361365701,-0.00947350536705027,0.974708174478185
red deepsea crab,SPRING,41,959.83436865079,0.623950553309232,-1330.7625163568,0.343239789206322,-1.25930613524229,0.0391253719264735
red deepsea crab,FALL,51,2004.30148724359,0.217933521326033,1911.41934136492,0.14080754145401,-0.541660332762886,0.471316180824428
red dory,FALL,13,4663.37562791215,0.0830844917486921,3751.52428690674,0.10006960109799,-1.92142751262252,0.089521941121554
red drum,FALL,14,7885.64275602107,0.0434000497392997,4867.43635617537,0.109276733617887,0.156057721770263,0.0850330011426506
red goatfish,FALL,39,7004.2546263262,0.014636316230623,4342.77412949629,0.00198920038681114,0.132267815902044,0.44716783955394
red hake,SPRING,52,4188.08203253103,9.84911879844361e-16,5049.32907256172,8.62352230099111e-15,1.09361575476248,1.68125217587687e-05
red hake,FALL,53,2630.29175116391,1.15547385631457e-10,2035.56091214172,6.86812963813758e-05,1.01067413735577,2.35872964141783e-10
red porgy,SPRING,18,2678.95575486492,0.000463592973932463,3573.92425006261,0.000193562037058245,0.597405049326576,0.176625217396202
red porgy,FALL,21,4067.9101406378,0.000135388704057735,5240.99780391934,9.11278731223801e-06,0.679816969335576,0.00803357300411544
reef butterflyfish,FALL,15,5162.95364398148,0.000189346900751665,5234.8085906453,0.00102656505294397,0.316825016473885,0.0950380519653365
remora,FALL,22,6692.30214372509,0.0158228671291433,6685.90264956991,0.000265688217079896,0.415648590035205,0.196453581991687
ridged slipper lobster,SPRING,15,7934.08252375698,0.0982323085730175,6059.1548476465,0.0509906708894202,1.56003720238092,0.00531167848997694
ridged slipper lobster,FALL,19,3109.67765253834,0.424080286191666,4031.6489345115,0.140121176422321,0.445415782701143,0.332087183450282
rock gunnel,SPRING,30,2449.04605980685,0.166840205470522,3894.61314355179,0.110976642908525,0.0745667811018525,0.802901041445417
rock gunnel,FALL,29,462.001354372316,0.679782960131758,-738.989925906766,0.605365407623985,-0.742823644154077,0.162093488290281
rock sea bass,SPRING,13,-3725.20871420801,0.354516511656752,642.275021121071,0.731276435258178,-2.2599584103512,0.360366260978812
rock sea bass,FALL,29,2827.80003215125,0.208188543953176,3116.14062930768,0.00859037219760714,0.494795885757944,0.0461810280700678
rosette skate,SPRING,51,2644.66325890372,0.00448223004001767,1627.50646006121,0.00767131805241733,0.268713911395574,0.525978192205568
rosette skate,FALL,53,2234.05489982506,0.0132506306944856,2361.15483370065,0.00613631122625574,-0.179714601570391,0.493678723969706
rough scad,SPRING,35,9401.63221884204,3.11354764114066e-07,6690.27618630857,5.28669048207916e-07,2.41607827710632,5.37721585287373e-06
rough scad,FALL,50,3542.32137644836,0.0737779498982716,2150.61769405233,0.0974593424171414,-0.0236752705335574,0.835893332845067
roughtail stingray,SPRING,34,1240.39076209301,0.0669917687972422,1713.94106849547,0.000702092658627263,0.549312057985486,0.174530409805829
roughtail stingray,FALL,48,3630.42485867783,3.71416902444748e-05,1414.45717015724,2.1446251992475e-05,0.0956225222202901,0.228957862138379
round herring,SPRING,32,74.5697976670863,0.942838544458752,1577.8938999173,0.086098967479801,1.31998158791137,0.101223232025321
round herring,FALL,52,-308.25241925872,0.839111827895066,-184.796793111036,0.846308361245659,-0.234156742406897,0.240453587890426
round scad,SPRING,24,611.070861825539,0.654302179427787,1791.05980477484,0.106401144892307,-0.162348799484631,0.54885080259246
round scad,FALL,50,1094.43843918868,0.593898719069997,2954.35639286128,0.0513100193082308,0.373115854063578,0.0287367756017558
sand perch,SPRING,12,2548.04429270925,0.0603029962572429,3219.3301947088,0.0257751696735449,-0.00927474439908463,0.982125132072652
sand perch,FALL,27,2397.88230415027,0.0511406871544677,3388.1628534878,0.00287218907252204,0.197084188343055,0.545043963378198
sand tiger,SPRING,27,-63.6163316927504,0.932334693702093,736.667476874499,0.258946440143394,0.609682608876157,0.0176373587274981
sand tiger,FALL,31,2062.44985900273,0.219761184948242,-245.448765077989,0.713351675091201,-0.0987000622175102,0.307928143076598
sandbar shark,SPRING,28,1102.88439231129,0.207980646721946,1689.70266225522,0.0407304088617018,0.117782646317613,0.859824658218467
sandbar shark,FALL,41,3019.94716184533,0.0077617687971851,1455.34039323658,0.0309647430770973,0.16831892424165,0.348876027100904
scrawled filefish,FALL,18,1547.23446246779,0.64998441346325,3022.91635111757,0.0659392651333926,1.01720753060338,0.036100514817702
scup,SPRING,52,6772.98727597994,1.14366023681155e-06,4415.69131340611,5.68394677827915e-07,0.503103578909315,0.0424747603203022
scup,FALL,53,3960.72325923716,0.00678551873753324,2234.21144540303,0.0353631984304719,0.106366070308538,0.136613179067449
sea lamprey,SPRING,49,3064.49064594464,0.0677370965440483,1555.35144703311,0.36527272334474,0.223808539358278,0.687738591663995
sea raven,SPRING,52,1252.70414270964,3.49725470477429e-06,471.367850152689,0.334056375010519,-0.13560858798817,0.147691702947073
sea raven,FALL,53,632.444334955039,0.0139802026654304,-955.003849761079,0.0176985882813854,-0.241747060316353,0.0103748900757546
sea scallop,SPRING,52,3090.20594208291,0.000398290797557571,4527.72125793047,6.9143292102711e-05,-0.0796245044301592,0.445848717049156
sea scallop,FALL,53,689.683443096117,0.392184620541978,1561.05949981391,0.187139076689957,-0.123370987791429,0.136486438063393
sharksucker,FALL,12,11951.0224894771,0.00503738316405266,9416.94844989083,0.000400279265710836,0.328222346577139,0.0503485493650831
sheepshead,SPRING,17,3679.11378552127,5.95396248818008e-07,4689.78796473692,1.81500512926863e-07,0.063272846215031,0.673237473862899
sheepshead,FALL,17,10031.8651526527,0.0071978859879094,5629.96471145283,0.124078835924325,-0.122715426831366,0.591438782283644
shield bobtail,SPRING,17,-2447.24610081095,0.490004552115859,-235.777102488396,0.915510457984582,0.303588234878126,0.847122206063505
shield bobtail,FALL,15,4353.81825625426,0.308255370221174,709.401225761178,0.73926463960407,0.101421927727691,0.93221919557228
short bigeye,SPRING,13,3815.65838493106,0.198499993548569,3470.2274929594,0.0464791030443012,0.40163344313512,0.623359429160689
short bigeye,FALL,31,4396.97226069161,0.228568716897713,4806.97513370425,0.0714884853369515,0.41173174800656,0.273960172611987
shortnose greeneye,SPRING,50,129.776986470416,0.924807515526084,-1164.14269729059,0.419944268454441,-0.376814808280861,0.287269039473296
shortnose greeneye,FALL,52,-2258.30393005161,0.0682790673886461,-2512.45483120357,0.111547461665999,-0.107678464077423,0.765267594613542
shrimp (pink brown white),SPRING,19,11842.592401091,0.00524636204758965,6332.01326453139,0.0126225225628188,1.61892744873299,0.393668289977928
shrimp (pink brown white),FALL,31,4292.54093492719,0.0209414635307508,3042.74612597689,0.000177173586973862,1.11826095980796,0.00646992871158513
silver anchovy,FALL,35,-6324.24822104645,0.0404653251663917,-2907.97357650165,0.216722823462214,0.0789044889318302,0.481957353226645
silver hake,SPRING,52,4495.58900159929,2.1416468038414e-09,2059.85060698806,0.00282143139650028,-0.152782652810413,0.634266729147347
silver hake,FALL,53,3696.09775665733,1.3353288808685e-10,2688.21047883188,1.34498031039638e-06,0.857331760527064,4.36219369637492e-05
silver hatchetfish,SPRING,11,2996.06546994711,0.511052239512136,2540.45562417457,0.542245953192417,-0.436395878551599,0.711180732467971
silver jenny,FALL,17,6071.37828296219,0.00126052601364428,4098.14439025731,0.00665890142126146,0.299120996083681,0.0798218973007927
silver perch,SPRING,30,1684.29497728214,0.0115142639322806,2947.31029859541,0.000493264084852617,0.395745076330686,4.47818615281327e-05
silver perch,FALL,36,6130.4756771871,0.000100916911234964,2188.93032693416,0.000602990097345398,0.206237686387823,0.00246163249769603
silver rag,SPRING,17,2393.45490861898,0.373693363193643,2356.83784493347,0.158020773090061,2.56096971670593,0.208537427216706
silver rag,FALL,37,785.26849488625,0.757600779341233,647.425639562013,0.77546169035935,-0.295310161828484,0.712741677019796
silver seatrout,FALL,18,7556.56835751319,0.00154245464072032,5670.94239447806,0.00209846729920416,0.209010020422445,0.00355763667859335
simonys frostfish,FALL,19,11830.234381822,0.0200504112643051,12545.5207378069,0.00617307108799535,2.11895181843002,0.256160487388771
slender searobin,FALL,13,11701.9580339874,0.00152899347237827,8962.71306063581,0.00185734563941378,1.078504745432,0.135496192136398
slender snipe eel,SPRING,31,4114.51251981738,0.117837106508499,4402.16035692668,0.121210860714307,0.600789662509084,0.54723707283991
slender snipe eel,FALL,28,1788.01193103799,0.578746416312715,1911.78949048015,0.587050879077432,-0.311866977685916,0.82307873610859
smallmouth flounder,SPRING,40,2233.16603823025,0.144974611626734,1941.92493546632,0.144180059675964,-0.0146977670007815,0.945086649684981
smallmouth flounder,FALL,35,604.091961366406,0.784238897475127,1192.90106618864,0.528380029097467,0.0107764053462181,0.972728656957694
smooth butterfly ray,SPRING,14,2148.13000273556,0.0618524592067697,2551.01786893082,0.0177176057197998,0.364274298456914,0.586861063195866
smooth butterfly ray,FALL,28,2073.69591106992,0.0771764636413813,536.386267313614,0.0320229847020587,0.237549453114031,0.00020523655751662
smooth dogfish,SPRING,52,652.915195546932,0.401233372279341,1217.09365810398,0.00473736173535919,1.18695902205725,0.0367224481806276
smooth dogfish,FALL,52,3321.49088670936,1.46448162569805e-07,3424.70546825122,3.55279982252495e-06,0.19469271514891,0.00528073121263781
smooth puffer,FALL,27,4682.68374491109,0.0299439762681217,4590.06987187432,0.00281146191318809,0.823709683614282,0.0645465607887641
snakeblenny,SPRING,46,-298.09421052545,0.633288775261175,-3165.81282062186,0.00118058784602613,-1.03701911185422,0.00241418842435392
snakeblenny,FALL,24,-1382.12120179478,0.144992046816576,-4089.96130465334,0.0106905675187682,-1.11481860722165,0.067927786146563
snakefish,SPRING,32,1096.72017502082,0.0188033876230908,1223.80044076192,0.00789725230056759,0.185312607923068,0.46904755713634
snakefish,FALL,41,838.274527835092,0.46719734383908,2437.85829725356,0.000377176750257302,0.428529612417611,0.0152842725105887
southern kingfish,SPRING,41,1751.8464818402,0.0412126189751863,2180.48737521838,0.00129585794459611,0.745901197170727,0.0198468865553734
southern kingfish,FALL,46,4012.9565308775,3.95845628242108e-06,1651.73462242366,1.36091309619702e-05,0.218912412448013,3.19262292008781e-07
southern stargazer,FALL,15,6604.42389092411,0.236527303539334,6780.85807577445,0.063803433341661,0.259670114743889,0.53703562461959
southern stingray,SPRING,20,-1153.95892787651,0.216789872641191,814.696618116455,0.10130229412417,0.167038820247507,0.691124943058327
southern stingray,FALL,36,1171.75156483623,0.305145014434951,761.410136655737,0.235328537572896,-0.0275197063706039,0.703760235141956
spanish mackerel,FALL,45,3541.07449919712,0.0148272892309146,2496.2999409453,0.00875462176653394,0.108222369223761,0.237518549246345
spanish sardine,SPRING,11,3884.57749361414,0.0792700509581498,4687.64285126971,0.101568642922143,0.0665812396111007,0.749424899897702
spanish sardine,FALL,43,5404.24485788904,3.25613408773958e-05,4563.81611437374,3.4839577222212e-06,0.163801651154022,0.0116311690440763
spiny butterfly ray,SPRING,36,519.236482050156,0.333474032412235,608.475139032481,0.188040717116237,0.182724529586506,0.543451325785007
spiny butterfly ray,FALL,48,2588.47398886912,3.12309493442633e-05,738.129597979089,8.08695697356778e-05,0.150914846570929,0.0111681274565237
spiny dogfish,SPRING,52,-2182.28811594099,0.0097157722023734,-2558.89323151667,0.00431340734328707,-0.299564905872689,0.20207237585471
spiny dogfish,FALL,53,1200.91981614508,0.0358545785764082,2491.73786527753,0.000580342100600346,0.367500828445213,0.0971686934539182
spiny searobin,SPRING,22,7519.50419819385,0.00875204179664204,5062.29690617599,0.00244546825811526,0.32765908682923,0.551153095755977
spiny searobin,FALL,26,5129.15233993179,0.00271784059855067,5084.24596789782,0.000796710924513508,0.942006314760277,0.092633850985469
spoonarm octopus,SPRING,24,60.4279048440061,0.96104094418457,-1134.51422673267,0.144239379805403,0.393766833290803,0.370420867466783
spoonarm octopus,FALL,24,4605.62557700493,0.0444356918198866,2098.75774146615,0.166596161617284,0.970401330226709,0.141623740137685
spot,SPRING,43,803.602443099693,0.0886114445815939,1832.3838141488,3.00479821162645e-05,0.606974858854498,0.001599086786962
spot,FALL,48,1749.3097244156,0.0188047439724009,1133.91723120692,0.000869096215008587,0.195642363652006,2.43848841511691e-05
spotfin butterflyfish,SPRING,12,3325.51766983684,0.00521919529310569,3764.34954410648,0.00355940044957713,0.904801734820319,0.0502791220557975
spotfin butterflyfish,FALL,19,13332.1553994412,0.00329361076874689,5484.23276019926,0.00204924875687145,0.0962201516184222,0.802782732489236
spotfin dragonet,SPRING,19,6147.256109748,0.0388861047358201,5592.0385535272,0.134866781874294,-1.78339205483449,0.177912355199874
spotfin dragonet,FALL,23,11872.0951012973,0.00615516932178491,8679.84222862565,0.012905835366546,-1.68289722397529,0.19746677770667
spotfin flounder,FALL,16,4469.30311118745,0.0390623149850148,5247.51221107073,0.0060271986026425,0.307699853938218,0.280222183543334
spotfin mojarra,FALL,17,4915.26376612106,0.0129394687808973,2356.88447018595,0.0458770655662915,0.133461612864992,0.207466523387215
spotted hake,SPRING,52,2928.20881459335,0.00081276400654726,1592.68345920612,0.00194620392896598,1.00170373822853,0.026253942146367
spotted hake,FALL,53,4761.91159492823,8.33139575585119e-10,3155.50467208596,2.73399146727139e-06,-0.328578956897265,0.178688024430015
spotted tinselfish,FALL,14,-2143.45400305841,0.752803184421217,3892.55325416202,0.635725096555037,-0.136819062476417,0.924018208787765
spotted whiff,SPRING,15,358.16424740769,0.904290932836258,2569.71713436147,0.125883713734026,0.251031289508768,0.0459921757943305
spotted whiff,FALL,12,2552.38099084274,0.110016028496416,4107.96032683003,0.0372985274336721,0.431419647609177,0.235099353501921
streamer bass,SPRING,20,1154.87278190207,0.57594940057911,1703.5111613101,0.376294217558811,0.359916884576425,0.69101710328789
streamer bass,FALL,12,119.579012618568,0.819158903557599,203.040924043458,0.646605526766381,0.638191520924199,0.3596240360446
striated argentine,SPRING,22,8881.51084482896,0.0250808685661859,5652.90037543768,0.0667367487198,-1.36504786965569,0.269823230089135
striated argentine,FALL,26,7582.91400018188,0.0584974450215375,5772.19099237998,0.0722272933619802,1.78525306714832,0.0653136633769446
striped anchovy,SPRING,29,-695.22255941964,0.776303855756656,2047.78820087337,0.151253629196117,0.230236438262938,0.000580157050836619
striped anchovy,FALL,48,1519.32828113459,0.307390188013794,994.360916541512,0.277752147856011,0.129834988099707,0.00152079668554154
striped bass,SPRING,43,4505.98743811772,0.00742405051064452,1492.77785827192,0.00843589592538991,0.283935018399931,1.74234776178739e-05
striped bass,FALL,30,2004.19444326349,0.0194783446383236,3778.07845071301,0.0253196235672931,-0.205220640004468,0.545678913028184
striped burrfish,FALL,39,872.263309135799,0.658212669126096,954.410513046722,0.277956613667709,0.242936704552921,0.000254768503978414
striped cusk-eel,SPRING,44,3753.23289297903,0.0020537112734741,2621.99446347621,0.000340931383983358,0.183632430508852,0.000148225729079262
striped cusk-eel,FALL,47,2481.20946397373,0.00633167234640636,1016.41583261137,0.00677586612650417,0.0791003452068339,0.328515111248817
striped searobin,SPRING,52,4097.91651088054,0.000122889379552525,2502.17028614461,1.51211043856688e-05,0.174847652240862,0.561769440269552
striped searobin,FALL,53,4626.98356289981,1.93690223709015e-07,2836.64814239585,8.36103538557965e-07,0.0371366528581188,0.614063093237902
summer flounder,SPRING,52,4107.52485043648,8.63184553306098e-07,3354.42728488324,5.63492538062914e-07,0.464338937157751,0.0139950594979007
summer flounder,FALL,53,5028.00648041384,6.86135020151763e-15,4415.48608901347,3.57732801922407e-10,0.199828013981018,0.00318087321701053
tautog,SPRING,32,1968.2689590415,0.361753877686152,955.727827902845,0.521819649914054,-0.126300282261944,0.524232797178231
tautog,FALL,42,1866.4563241629,0.0926485359684162,1615.88577298789,0.184159792513096,0.208295471778866,0.00332388063455861
thorny skate,SPRING,52,-430.335017949485,0.081950803227405,-1878.97799441933,1.40976226384765e-06,-0.458338060186918,0.00294922691523054
thorny skate,FALL,53,-406.266972907419,0.129518568741021,-1561.49235547739,9.34873648360653e-05,-0.320601177867207,0.0294033325810294
threespine stickleback,SPRING,27,17.431875224468,0.995258545959429,-3471.00311010678,0.256842355884793,-1.93704599804529,0.0825529598725429
threespine stickleback,FALL,34,1684.25341808838,0.25905757529374,-621.756982911721,0.643907721631777,0.391646817523394,0.523994248910384
thresher shark,FALL,12,-114.565917376683,0.985100802522645,2290.04586511121,0.482308513273358,0.507512787723829,0.00190676713727402
tilefish,SPRING,35,271.341324653836,0.752861045056735,-580.883149313256,0.525163234124593,-0.626415422178671,0.0259189702946154
tilefish,FALL,29,-89.5980845538436,0.905902957477979,-696.663803317094,0.516100002660704,-0.65888664895079,0.308617935864404
unicorn filefish,FALL,16,3347.97005793765,0.293116135757313,4591.53053310458,0.032331199425713,0.596241562060467,0.12164807562134
viperfish,SPRING,19,2234.24356141271,0.601235077309575,1110.79879628676,0.809582828720985,1.56923245119058,0.173985868844586
viperfish,FALL,30,184.08040181088,0.95456306644016,-413.266775507486,0.91432742207005,-0.871884928638095,0.324321122112621
weakfish,SPRING,51,-860.121376254518,0.519772549451072,540.331533266817,0.491596631663226,0.196490860922389,0.415444234306159
weakfish,FALL,49,3151.9766709862,4.60824448707326e-05,1340.83071947855,4.07121200278219e-05,0.1482700987312,0.00825192156220959
weitzmans pearlsides,SPRING,47,3097.17752991978,0.246486671134942,2140.0550698266,0.285264411096869,-0.276375286045894,0.438165428398962
weitzmans pearlsides,FALL,50,717.15525737221,0.697574441619848,487.530494787066,0.759772878084032,-0.753554613165521,0.161370711462913
wenchman,FALL,12,10789.1355439869,0.164816783332128,11574.0353510314,0.105211582792272,0.812072788694758,0.524502842889037
western softhead grenadier,SPRING,11,-1100.22916445357,0.757004196997695,-1625.49299842311,0.7230738474627,0.590793993115612,0.264755269476317
white hake,SPRING,52,2316.29237000401,2.21513087794789e-09,1643.69680203289,9.59275776567874e-10,0.338509384743638,0.0911316938473603
white hake,FALL,53,997.256616268465,0.00339491508655026,217.194960714623,0.402174257225411,0.261716722720783,0.154916855049001
windowpane,SPRING,52,803.904819655959,0.0515508206561089,960.034552447681,0.252559464080196,-0.0182648017131149,0.883353983809641
windowpane,FALL,53,1514.62512189114,1.30690485439792e-05,1933.43410163198,0.0132740280308771,0.0991573756428015,0.109617499466918
winter flounder,SPRING,52,2585.54782088521,1.87330071575551e-08,1013.77152718383,0.13996887579746,0.139029468703597,0.149174249365082
winter flounder,FALL,53,2184.59168460481,1.49899938937622e-08,658.205969991961,0.128541014035857,0.0369316002524105,0.47390430288398
winter skate,SPRING,52,-1201.14961288304,1.03334569230224e-06,-461.463265233197,0.543213129384695,0.535885033795929,0.00110426330510216
winter skate,FALL,53,45.9336380587439,0.740780886492487,-1065.43403247092,0.0107762091736552,-0.0616415945734538,0.417559957233108
witch flounder,SPRING,52,-595.269489420907,0.354122781002592,-383.808136015641,0.400526708728412,0.61863365701787,0.00161058064042267
witch flounder,FALL,53,157.848434303896,0.673247756455633,-178.137967138103,0.620340914747217,0.621781900467208,2.13172764609959e-05
wrymouth,SPRING,51,2334.57554482293,0.00627288469229032,1302.56992316336,0.058016007091422,0.0408468430691369,0.909930715633698
wrymouth,FALL,50,1985.02645152647,0.0271243386787332,734.723328073907,0.284567191085587,-1.03727336193857,0.0732681507699744
yellow jack,FALL,14,11669.5624067626,0.010096079362673,8931.17293527979,0.0102981279497612,1.39953842183179,0.0840066463574886
yellowfin bass,FALL,13,14222.10406995,0.00296820114879551,10749.572693688,0.000515279443089065,3.17965283636175,0.00184750756309685
yellowtail flounder,SPRING,52,4199.82795805923,3.82949867271592e-20,3063.06983763528,0.000130794494606104,0.261748701458803,0.00176453298518143
yellowtail flounder,FALL,53,2946.25376303012,1.19615535726504e-11,1581.18273569672,0.0270653164666751,-0.0270355399007934,0.648699577504567
